カメラ名,メーカー名,発売年,Wikipedia_URL,統合処理日,年度タグ,重複チェックメモ
Arricam,Arricam,2000,https://en.wikipedia.org/wiki/Arricam,2025-08-27T22:49:28.437863,2000,
Canon Digital IXUS,Canon,2000,https://en.wikipedia.org/wiki/Canon_Digital_IXUS,2025-08-27T22:49:28.437879,2000,
Canon EOS 30,Canon,2000,https://en.wikipedia.org/wiki/Canon_EOS_30,2025-08-27T22:49:28.437883,2000,
Canon EOS D30,Canon,2000,https://en.wikipedia.org/wiki/Canon_EOS_D30,2025-08-27T22:49:28.437886,2000,
Olympus C-2100 UZ,Olympus,2000,https://en.wikipedia.org/wiki/Olympus_C-2100_UZ,2025-08-27T22:49:28.437888,2000,
Olympus C-3000 Zoom,Olympus,2000,https://en.wikipedia.org/wiki/Olympus_C-3000_Zoom,2025-08-27T22:49:28.437891,2000,
Olympus E-10,Olympus,2000,https://en.wikipedia.org/wiki/Olympus_E-10,2025-08-27T22:49:28.437893,2000,
Canon EOS-1D,Canon,2001,https://en.wikipedia.org/wiki/Canon_EOS-1D,2025-08-27T22:49:28.964689,2001,
Nikon Coolpix 995,Nikon,2001,https://en.wikipedia.org/wiki/Nikon_Coolpix_995,2025-08-27T22:49:28.964708,2001,
Nikon Coolpix 5000,Nikon,2001,https://en.wikipedia.org/wiki/Nikon_Coolpix_5000,2025-08-27T22:49:28.964711,2001,
Nikon FM3A,Nikon,2001,https://en.wikipedia.org/wiki/Nikon_FM3A,2025-08-27T22:49:28.964714,2001,
Olympus Camedia C-700 Ultra Zoom,Olympus,2001,https://en.wikipedia.org/wiki/Olympus_Camedia_C-700_Ultra_Zoom,2025-08-27T22:49:28.964717,2001,
Olympus E-20,Olympus,2001,https://en.wikipedia.org/wiki/Olympus_E-20,2025-08-27T22:49:28.964719,2001,
Canon EOS 3000N,Canon,2002,https://en.wikipedia.org/wiki/Canon_EOS_3000N,2025-08-27T22:49:29.486947,2002,
Canon EOS D60,Canon,2002,https://en.wikipedia.org/wiki/Canon_EOS_D60,2025-08-27T22:49:29.486966,2002,
Canon EOS-1Ds,Canon,2002,https://en.wikipedia.org/wiki/Canon_EOS-1Ds,2025-08-27T22:49:29.486969,2002,
Casio Exilim,Casio,2002,https://en.wikipedia.org/wiki/Casio_Exilim,2025-08-27T22:49:29.486972,2002,
Fujifilm FinePix S602 Zoom,Fujifilm,2002,https://en.wikipedia.org/wiki/Fujifilm_FinePix_S602_Zoom,2025-08-27T22:49:29.486975,2002,
Nikon D100,Nikon,2002,https://en.wikipedia.org/wiki/Nikon_D100,2025-08-27T22:49:29.486977,2002,
Nikon Coolpix 4300,Nikon,2002,https://en.wikipedia.org/wiki/Nikon_Coolpix_4300,2025-08-27T22:49:29.486980,2002,
Nikon Coolpix 4500,Nikon,2002,https://en.wikipedia.org/wiki/Nikon_Coolpix_4500,2025-08-27T22:49:29.486982,2002,
Nikon Coolpix 5700,Nikon,2002,https://en.wikipedia.org/wiki/Nikon_Coolpix_5700,2025-08-27T22:49:29.486984,2002,
Nikon F55,Nikon,2002,https://en.wikipedia.org/wiki/Nikon_F55,2025-08-27T22:49:29.486987,2002,
Olympus C-220 Zoom,Olympus,2002,https://en.wikipedia.org/wiki/Olympus_C-220_Zoom,2025-08-27T22:49:29.486989,2002,
Olympus C-730UZ,Olympus,2002,https://en.wikipedia.org/wiki/Olympus_C-730UZ,2025-08-27T22:49:29.486991,2002,
Panasonic AG-DVX100,Panasonic,2002,https://en.wikipedia.org/wiki/Panasonic_AG-DVX100,2025-08-27T22:49:29.486993,2002,
Panasonic Lumix DMC-FZ1,Panasonic,2002,https://en.wikipedia.org/wiki/Panasonic_Lumix_DMC-FZ1,2025-08-27T22:49:29.486996,2002,
Rollei 35 RF,Rollei,2002,https://en.wikipedia.org/wiki/Rollei_35_RF,2025-08-27T22:49:29.486998,2002,
Sigma SD9,Sigma,2002,https://en.wikipedia.org/wiki/Sigma_SD9,2025-08-27T22:49:29.487000,2002,
Sony Cyber-shot DSC-F717,Sony,2002,https://en.wikipedia.org/wiki/Sony_Cyber-shot_DSC-F717,2025-08-27T22:49:29.487003,2002,
Canon EOS 10D,Canon,2003,https://en.wikipedia.org/wiki/Canon_EOS_10D,2025-08-27T22:49:30.008366,2003,
Canon EOS 300D,Canon,2003,https://en.wikipedia.org/wiki/Canon_EOS_300D,2025-08-27T22:49:30.008384,2003,
Dalsa Origin,Dalsa,2003,https://en.wikipedia.org/wiki/Dalsa_Origin,2025-08-27T22:49:30.008388,2003,
Fujifilm FinePix S3000,Fujifilm,2003,https://en.wikipedia.org/wiki/Fujifilm_FinePix_S3000,2025-08-27T22:49:30.008390,2003,
Kodak EasyShare DX4530,Kodak,2003,https://en.wikipedia.org/wiki/Kodak_EasyShare_DX4530,2025-08-27T22:49:30.008393,2003,
Minolta Dimage A1,Minolta,2003,https://en.wikipedia.org/wiki/Minolta_Dimage_A1,2025-08-27T22:49:30.008396,2003,
Nikon Coolpix 5400,Nikon,2003,https://en.wikipedia.org/wiki/Nikon_Coolpix_5400,2025-08-27T22:49:30.008398,2003,
Olympus C-150,Olympus,2003,https://en.wikipedia.org/wiki/Olympus_C-150,2025-08-27T22:49:30.008400,2003,
Olympus C-350 Zoom,Olympus,2003,https://en.wikipedia.org/wiki/Olympus_C-350_Zoom,2025-08-27T22:49:30.008403,2003,
Olympus C-740UZ,Olympus,2003,https://en.wikipedia.org/wiki/Olympus_C-740UZ,2025-08-27T22:49:30.008405,2003,
Olympus E-1,Olympus,2003,https://en.wikipedia.org/wiki/Olympus_E-1,2025-08-27T22:49:30.008408,2003,
Pentax *ist D,Pentax,2003,https://en.wikipedia.org/wiki/Pentax_*ist_D,2025-08-27T22:49:30.008410,2003,
Ritz Dakota Digital,Ritz,2003,https://en.wikipedia.org/wiki/Ritz_Dakota_Digital,2025-08-27T22:49:30.008413,2003,
Sigma SD10,Sigma,2003,https://en.wikipedia.org/wiki/Sigma_SD10,2025-08-27T22:49:30.008415,2003,
Canon EOS 20D,Canon,2004,https://en.wikipedia.org/wiki/Canon_EOS_20D,2025-08-27T22:49:30.542766,2004,
Canon EOS 30V,Canon,2004,https://en.wikipedia.org/wiki/Canon_EOS_30V,2025-08-27T22:49:30.542786,2004,
Canon EOS-1D Mark II,Canon,2004,https://en.wikipedia.org/wiki/Canon_EOS-1D_Mark_II,2025-08-27T22:49:30.542789,2004,
Canon EOS-1Ds Mark II,Canon,2004,https://en.wikipedia.org/wiki/Canon_EOS-1Ds_Mark_II,2025-08-27T22:49:30.542792,2004,
HP Photosmart M407,HP,2004,https://en.wikipedia.org/wiki/HP_Photosmart_M407,2025-08-27T22:49:30.542794,2004,
Kodak DX7590 Zoom Digital Camera,Kodak,2004,https://en.wikipedia.org/wiki/Kodak_DX7590_Zoom_Digital_Camera,2025-08-27T22:49:30.542797,2004,
Konica Minolta Dimage A2,Konica,2004,https://en.wikipedia.org/wiki/Konica_Minolta_Dimage_A2,2025-08-27T22:49:30.542799,2004,
Konica Minolta Maxxum 7D,Konica,2004,https://en.wikipedia.org/wiki/Konica_Minolta_Maxxum_7D,2025-08-27T22:49:30.542801,2004,
Nikon Coolpix 5200,Nikon,2004,https://en.wikipedia.org/wiki/Nikon_Coolpix_5200,2025-08-27T22:49:30.542804,2004,
Nikon Coolpix 8400,Nikon,2004,https://en.wikipedia.org/wiki/Nikon_Coolpix_8400,2025-08-27T22:49:30.542806,2004,
Nikon Coolpix 8700,Nikon,2004,https://en.wikipedia.org/wiki/Nikon_Coolpix_8700,2025-08-27T22:49:30.542808,2004,
Nikon D2X,Nikon,2004,https://en.wikipedia.org/wiki/Nikon_D2X,2025-08-27T22:49:30.542811,2004,
Nikon D70,Nikon,2004,https://en.wikipedia.org/wiki/Nikon_D70,2025-08-27T22:49:30.542842,2004,
Olympus C-310 Zoom,Olympus,2004,https://en.wikipedia.org/wiki/Olympus_C-310_Zoom,2025-08-27T22:49:30.542845,2004,
Olympus C-765 Ultra Zoom,Olympus,2004,https://en.wikipedia.org/wiki/Olympus_C-765_Ultra_Zoom,2025-08-27T22:49:30.542848,2004,
Olympus C-770 Ultra Zoom,Olympus,2004,https://en.wikipedia.org/wiki/Olympus_C-770_Ultra_Zoom,2025-08-27T22:49:30.542850,2004,
Olympus C-7000 Zoom,Olympus,2004,https://en.wikipedia.org/wiki/Olympus_C-7000_Zoom,2025-08-27T22:49:30.542852,2004,
Olympus C-8080 Wide Zoom,Olympus,2004,https://en.wikipedia.org/wiki/Olympus_C-8080_Wide_Zoom,2025-08-27T22:49:30.542855,2004,
Olympus E-300,Olympus,2004,https://en.wikipedia.org/wiki/Olympus_E-300,2025-08-27T22:49:30.542857,2004,
Olympus IR-500,Olympus,2004,https://en.wikipedia.org/wiki/Olympus_IR-500,2025-08-27T22:49:30.542859,2004,
Olympus Stylus 410,Olympus,2004,https://en.wikipedia.org/wiki/Olympus_Stylus_410,2025-08-27T22:49:30.542870,2004,
Pentax Optio S50,Pentax,2004,https://en.wikipedia.org/wiki/Pentax_Optio_S50,2025-08-27T22:49:30.542873,2004,
Canon EOS 5D,Canon,2005,https://en.wikipedia.org/wiki/Canon_EOS_5D,2025-08-27T22:49:31.068121,2005,
Canon EOS 20Da,Canon,2005,https://en.wikipedia.org/wiki/Canon_EOS_20Da,2025-08-27T22:49:31.068136,2005,
Canon EOS 350D,Canon,2005,https://en.wikipedia.org/wiki/Canon_EOS_350D,2025-08-27T22:49:31.068139,2005,
Fujifilm FinePix S5200,Fujifilm,2005,https://en.wikipedia.org/wiki/Fujifilm_FinePix_S5200,2025-08-27T22:49:31.068141,2005,
Kodak EasyShare C330,Kodak,2005,https://en.wikipedia.org/wiki/Kodak_EasyShare_C330,2025-08-27T22:49:31.068144,2005,
Nikon Coolpix 7900,Nikon,2005,https://en.wikipedia.org/wiki/Nikon_Coolpix_7900,2025-08-27T22:49:31.068147,2005,
Nikon Coolpix S1,Nikon,2005,https://en.wikipedia.org/wiki/Nikon_Coolpix_S1,2025-08-27T22:49:31.068149,2005,
Nikon D50,Nikon,2005,https://en.wikipedia.org/wiki/Nikon_D50,2025-08-27T22:49:31.068152,2005,
Olympus E-500,Olympus,2005,https://en.wikipedia.org/wiki/Olympus_E-500,2025-08-27T22:49:31.068154,2005,
Olympus SP-350,Olympus,2005,https://en.wikipedia.org/wiki/Olympus_SP-350,2025-08-27T22:49:31.068156,2005,
Olympus SP-500 Ultra Zoom,Olympus,2005,https://en.wikipedia.org/wiki/Olympus_SP-500_Ultra_Zoom,2025-08-27T22:49:31.068159,2005,
Ricoh GR Digital,Ricoh,2005,https://en.wikipedia.org/wiki/Ricoh_GR_Digital,2025-08-27T22:49:31.068161,2005,
Sony Cyber-shot DSC-R1,Sony,2005,https://en.wikipedia.org/wiki/Sony_Cyber-shot_DSC-R1,2025-08-27T22:49:31.068163,2005,
Canon EOS 30D,Canon,2006,https://en.wikipedia.org/wiki/Canon_EOS_30D,2025-08-27T22:49:31.586924,2006,
Canon EOS 400D,Canon,2006,https://en.wikipedia.org/wiki/Canon_EOS_400D,2025-08-27T22:49:31.586943,2006,
Canon PowerShot S3 IS,Canon,2006,https://en.wikipedia.org/wiki/Canon_PowerShot_S3_IS,2025-08-27T22:49:31.586947,2006,
Flip Video,Flip,2006,https://en.wikipedia.org/wiki/Flip_Video,2025-08-27T22:49:31.586951,2006,
Fujifilm FinePix S6500fd,Fujifilm,2006,https://en.wikipedia.org/wiki/Fujifilm_FinePix_S6500fd,2025-08-27T22:49:31.586954,2006,
Leica M8,Leica,2006,https://en.wikipedia.org/wiki/Leica_M8,2025-08-27T22:49:31.586957,2006,
Nikon Coolpix S10,Nikon,2006,https://en.wikipedia.org/wiki/Nikon_Coolpix_S10,2025-08-27T22:49:31.586959,2006,
Nikon D40,Nikon,2006,https://en.wikipedia.org/wiki/Nikon_D40,2025-08-27T22:49:31.586962,2006,
Nikon D80,Nikon,2006,https://en.wikipedia.org/wiki/Nikon_D80,2025-08-27T22:49:31.586965,2006,
Olympus E-330,Olympus,2006,https://en.wikipedia.org/wiki/Olympus_E-330,2025-08-27T22:49:31.586967,2006,
Olympus E-400,Olympus,2006,https://en.wikipedia.org/wiki/Olympus_E-400,2025-08-27T22:49:31.586970,2006,
Olympus μ700,Olympus,2006,https://en.wikipedia.org/wiki/Olympus_μ700,2025-08-27T22:49:31.586975,2006,
Olympus μ720 SW,Olympus,2006,https://en.wikipedia.org/wiki/Olympus_μ720_SW,2025-08-27T22:49:31.586978,2006,
Olympus SP-510 Ultra Zoom,Olympus,2006,https://en.wikipedia.org/wiki/Olympus_SP-510_Ultra_Zoom,2025-08-27T22:49:31.586981,2006,
Olympus Stylus 725 SW,Olympus,2006,https://en.wikipedia.org/wiki/Olympus_Stylus_725_SW,2025-08-27T22:49:31.586984,2006,
Panasonic Lumix DMC-FZ7,Panasonic,2006,https://en.wikipedia.org/wiki/Panasonic_Lumix_DMC-FZ7,2025-08-27T22:49:31.586986,2006,
Pentax K10D,Pentax,2006,https://en.wikipedia.org/wiki/Pentax_K10D,2025-08-27T22:49:31.586989,2006,
Pentax K100D,Pentax,2006,https://en.wikipedia.org/wiki/Pentax_K100D,2025-08-27T22:49:31.586991,2006,
Sony α,Sony,2006,https://en.wikipedia.org/wiki/Sony_α,2025-08-27T22:49:31.586994,2006,
Canon EOS 40D,Canon,2007,https://en.wikipedia.org/wiki/Canon_EOS_40D,2025-08-27T22:49:32.104491,2007,
Canon EOS-1D Mark III,Canon,2007,https://en.wikipedia.org/wiki/Canon_EOS-1D_Mark_III,2025-08-27T22:49:32.104509,2007,
Canon EOS-1Ds Mark III,Canon,2007,https://en.wikipedia.org/wiki/Canon_EOS-1Ds_Mark_III,2025-08-27T22:49:32.104512,2007,
Microsoft RoundTable,Microsoft,2007,https://en.wikipedia.org/wiki/Microsoft_RoundTable,2025-08-27T22:49:32.104515,2007,
Nikon Coolpix P5000,Nikon,2007,https://en.wikipedia.org/wiki/Nikon_Coolpix_P5000,2025-08-27T22:49:32.104518,2007,
Nikon D40x,Nikon,2007,https://en.wikipedia.org/wiki/Nikon_D40x,2025-08-27T22:49:32.104521,2007,
Olympus E-3,Olympus,2007,https://en.wikipedia.org/wiki/Olympus_E-3,2025-08-27T22:49:32.104523,2007,
Olympus E-410,Olympus,2007,https://en.wikipedia.org/wiki/Olympus_E-410,2025-08-27T22:49:32.104526,2007,
Olympus E-510,Olympus,2007,https://en.wikipedia.org/wiki/Olympus_E-510,2025-08-27T22:49:32.104528,2007,
Pentax Optio L40,Pentax,2007,https://en.wikipedia.org/wiki/Pentax_Optio_L40,2025-08-27T22:49:32.104531,2007,
Ricoh GR Digital II,Ricoh,2007,https://en.wikipedia.org/wiki/Ricoh_GR_Digital_II,2025-08-27T22:49:32.104533,2007,
Sigma SD14,Sigma,2007,https://en.wikipedia.org/wiki/Sigma_SD14,2025-08-27T22:49:32.104536,2007,
Canon EOS 5D Mark II,Canon,2008,https://en.wikipedia.org/wiki/Canon_EOS_5D_Mark_II,2025-08-27T22:49:32.631303,2008,
Canon EOS 50D,Canon,2008,https://en.wikipedia.org/wiki/Canon_EOS_50D,2025-08-27T22:49:32.631324,2008,
Canon EOS 450D,Canon,2008,https://en.wikipedia.org/wiki/Canon_EOS_450D,2025-08-27T22:49:32.631327,2008,
Canon EOS 1000D,Canon,2008,https://en.wikipedia.org/wiki/Canon_EOS_1000D,2025-08-27T22:49:32.631329,2008,
Fujifilm FinePix S2000HD,Fujifilm,2008,https://en.wikipedia.org/wiki/Fujifilm_FinePix_S2000HD,2025-08-27T22:49:32.631332,2008,
Leica S2,Leica,2008,https://en.wikipedia.org/wiki/Leica_S2,2025-08-27T22:49:32.631334,2008,
Panasonic Lumix DMC-LX3,Panasonic,2008,https://en.wikipedia.org/wiki/Panasonic_Lumix_DMC-LX3,2025-08-27T22:49:32.631337,2008,
Nikon Coolpix P6000,Nikon,2008,https://en.wikipedia.org/wiki/Nikon_Coolpix_P6000,2025-08-27T22:49:32.631339,2008,
Nikon Coolpix S600,Nikon,2008,https://en.wikipedia.org/wiki/Nikon_Coolpix_S600,2025-08-27T22:49:32.631342,2008,
Nikon D3X,Nikon,2008,https://en.wikipedia.org/wiki/Nikon_D3X,2025-08-27T22:49:32.631344,2008,
Nikon D60,Nikon,2008,https://en.wikipedia.org/wiki/Nikon_D60,2025-08-27T22:49:32.631347,2008,
Nikon D90,Nikon,2008,https://en.wikipedia.org/wiki/Nikon_D90,2025-08-27T22:49:32.631349,2008,
Nikon D700,Nikon,2008,https://en.wikipedia.org/wiki/Nikon_D700,2025-08-27T22:49:32.631351,2008,
Olympus E-520,Olympus,2008,https://en.wikipedia.org/wiki/Olympus_E-520,2025-08-27T22:49:32.631354,2008,
Olympus FE-310,Olympus,2008,https://en.wikipedia.org/wiki/Olympus_FE-310,2025-08-27T22:49:32.631356,2008,
Olympus FE-340,Olympus,2008,https://en.wikipedia.org/wiki/Olympus_FE-340,2025-08-27T22:49:32.631358,2008,
Olympus μ 1030 SW,Olympus,2008,https://en.wikipedia.org/wiki/Olympus_μ_1030_SW,2025-08-27T22:49:32.631363,2008,
Panasonic Lumix DMC-FS3,Panasonic,2008,https://en.wikipedia.org/wiki/Panasonic_Lumix_DMC-FS3,2025-08-27T22:49:32.631366,2008,
Panasonic Lumix DMC-FS5,Panasonic,2008,https://en.wikipedia.org/wiki/Panasonic_Lumix_DMC-FS5,2025-08-27T22:49:32.631368,2008,
Panasonic Lumix DMC-TZ4,Panasonic,2008,https://en.wikipedia.org/wiki/Panasonic_Lumix_DMC-TZ4,2025-08-27T22:49:32.631370,2008,
Pentax K20D,Pentax,2008,https://en.wikipedia.org/wiki/Pentax_K20D,2025-08-27T22:49:32.631373,2008,
Pentax K200D,Pentax,2008,https://en.wikipedia.org/wiki/Pentax_K200D,2025-08-27T22:49:32.631375,2008,
Pentax K2000,Pentax,2008,https://en.wikipedia.org/wiki/Pentax_K2000,2025-08-27T22:49:32.631377,2008,
Pentax Optio E60,Pentax,2008,https://en.wikipedia.org/wiki/Pentax_Optio_E60,2025-08-27T22:49:32.631379,2008,
Sony Alpha 900,Sony,2008,https://en.wikipedia.org/wiki/Sony_Alpha_900,2025-08-27T22:49:32.631382,2008,
Canon EOS 7D,Canon,2009,https://en.wikipedia.org/wiki/Canon_EOS_7D,2025-08-27T22:49:33.156101,2009,
Canon EOS 500D,Canon,2009,https://en.wikipedia.org/wiki/Canon_EOS_500D,2025-08-27T22:49:33.156119,2009,
Canon EOS-1D Mark IV,Canon,2009,https://en.wikipedia.org/wiki/Canon_EOS-1D_Mark_IV,2025-08-27T22:49:33.156122,2009,
Canon PowerShot D,Canon,2009,https://en.wikipedia.org/wiki/Canon_PowerShot_D,2025-08-27T22:49:33.156125,2009,
Fujifilm FinePix S1500,Fujifilm,2009,https://en.wikipedia.org/wiki/Fujifilm_FinePix_S1500,2025-08-27T22:49:33.156127,2009,
Fujifilm FinePix Z33WP,Fujifilm,2009,https://en.wikipedia.org/wiki/Fujifilm_FinePix_Z33WP,2025-08-27T22:49:33.156130,2009,
Kodak Zi8,Kodak,2009,https://en.wikipedia.org/wiki/Kodak_Zi8,2025-08-27T22:49:33.156132,2009,
Leica M9,Leica,2009,https://en.wikipedia.org/wiki/Leica_M9,2025-08-27T22:49:33.156135,2009,
Nikon Coolpix P90,Nikon,2009,https://en.wikipedia.org/wiki/Nikon_Coolpix_P90,2025-08-27T22:49:33.156138,2009,
Nikon Coolpix S1000pj,Nikon,2009,https://en.wikipedia.org/wiki/Nikon_Coolpix_S1000pj,2025-08-27T22:49:33.156140,2009,
Nikon D3S,Nikon,2009,https://en.wikipedia.org/wiki/Nikon_D3S,2025-08-27T22:49:33.156142,2009,
Nikon D3000,Nikon,2009,https://en.wikipedia.org/wiki/Nikon_D3000,2025-08-27T22:49:33.156144,2009,
Nikon D5000,Nikon,2009,https://en.wikipedia.org/wiki/Nikon_D5000,2025-08-27T22:49:33.156147,2009,
Olympus E-450,Olympus,2009,https://en.wikipedia.org/wiki/Olympus_E-450,2025-08-27T22:49:33.156149,2009,
Olympus E-620,Olympus,2009,https://en.wikipedia.org/wiki/Olympus_E-620,2025-08-27T22:49:33.156151,2009,
Olympus PEN E-P1,Olympus,2009,https://en.wikipedia.org/wiki/Olympus_PEN_E-P1,2025-08-27T22:49:33.156153,2009,
Olympus PEN E-P2,Olympus,2009,https://en.wikipedia.org/wiki/Olympus_PEN_E-P2,2025-08-27T22:49:33.156155,2009,
Pentax K-7,Pentax,2009,https://en.wikipedia.org/wiki/Pentax_K-7,2025-08-27T22:49:33.156157,2009,
Pentax K-x,Pentax,2009,https://en.wikipedia.org/wiki/Pentax_K-x,2025-08-27T22:49:33.156159,2009,
Ricoh CX1,Ricoh,2009,https://en.wikipedia.org/wiki/Ricoh_CX1,2025-08-27T22:49:33.156161,2009,
Sigma DP1s,Sigma,2009,https://en.wikipedia.org/wiki/Sigma_DP1s,2025-08-27T22:49:33.156163,2009,
Arri Alexa,Arri,2010,https://en.wikipedia.org/wiki/Arri_Alexa,2025-08-27T22:49:33.681066,2010,
Canon EOS 60D,Canon,2010,https://en.wikipedia.org/wiki/Canon_EOS_60D,2025-08-27T22:49:33.681084,2010,
Canon EOS 550D,Canon,2010,https://en.wikipedia.org/wiki/Canon_EOS_550D,2025-08-27T22:49:33.681088,2010,
Fujifilm FinePix HS10,Fujifilm,2010,https://en.wikipedia.org/wiki/Fujifilm_FinePix_HS10,2025-08-27T22:49:33.681091,2010,
Fujifilm FinePix S1600,Fujifilm,2010,https://en.wikipedia.org/wiki/Fujifilm_FinePix_S1600,2025-08-27T22:49:33.681093,2010,
Fujifilm FinePix S1800,Fujifilm,2010,https://en.wikipedia.org/wiki/Fujifilm_FinePix_S1800,2025-08-27T22:49:33.681096,2010,
NHK Twinscam,NHK,2010,https://en.wikipedia.org/wiki/NHK_Twinscam,2025-08-27T22:49:33.681098,2010,
Nikon Coolpix P7000,Nikon,2010,https://en.wikipedia.org/wiki/Nikon_Coolpix_P7000,2025-08-27T22:49:33.681101,2010,
Nikon D3100,Nikon,2010,https://en.wikipedia.org/wiki/Nikon_D3100,2025-08-27T22:49:33.681104,2010,
Nikon D7000,Nikon,2010,https://en.wikipedia.org/wiki/Nikon_D7000,2025-08-27T22:49:33.681106,2010,
Olympus E-5,Olympus,2010,https://en.wikipedia.org/wiki/Olympus_E-5,2025-08-27T22:49:33.681108,2010,
Olympus PEN E-PL1,Olympus,2010,https://en.wikipedia.org/wiki/Olympus_PEN_E-PL1,2025-08-27T22:49:33.681110,2010,
Pentax 645D,Pentax,2010,https://en.wikipedia.org/wiki/Pentax_645D,2025-08-27T22:49:33.681112,2010,
Pentax K-5,Pentax,2010,https://en.wikipedia.org/wiki/Pentax_K-5,2025-08-27T22:49:33.681115,2010,
Pentax K-r,Pentax,2010,https://en.wikipedia.org/wiki/Pentax_K-r,2025-08-27T22:49:33.681117,2010,
Pentax Optio H90,Pentax,2010,https://en.wikipedia.org/wiki/Pentax_Optio_H90,2025-08-27T22:49:33.681119,2010,
Pentax Optio I-10,Pentax,2010,https://en.wikipedia.org/wiki/Pentax_Optio_I-10,2025-08-27T22:49:33.681121,2010,
Pentax X90,Pentax,2010,https://en.wikipedia.org/wiki/Pentax_X90,2025-08-27T22:49:33.681124,2010,
Ricoh G700,Ricoh,2010,https://en.wikipedia.org/wiki/Ricoh_G700,2025-08-27T22:49:33.681126,2010,
Samsung EX1,Samsung,2010,https://en.wikipedia.org/wiki/Samsung_EX1,2025-08-27T22:49:33.681128,2010,
Samsung NX5,Samsung,2010,https://en.wikipedia.org/wiki/Samsung_NX5,2025-08-27T22:49:33.681130,2010,
Samsung NX10,Samsung,2010,https://en.wikipedia.org/wiki/Samsung_NX10,2025-08-27T22:49:33.681132,2010,
Samsung NX11,Samsung,2010,https://en.wikipedia.org/wiki/Samsung_NX11,2025-08-27T22:49:33.681134,2010,
Samsung NX100,Samsung,2010,https://en.wikipedia.org/wiki/Samsung_NX100,2025-08-27T22:49:33.681136,2010,
Sigma DP1x,Sigma,2010,https://en.wikipedia.org/wiki/Sigma_DP1x,2025-08-27T22:49:33.681139,2010,
Sigma SD15,Sigma,2010,https://en.wikipedia.org/wiki/Sigma_SD15,2025-08-27T22:49:33.681141,2010,
Sony Alpha 33,Sony,2010,https://en.wikipedia.org/wiki/Sony_Alpha_33,2025-08-27T22:49:33.681143,2010,
Sony Alpha 55,Sony,2010,https://en.wikipedia.org/wiki/Sony_Alpha_55,2025-08-27T22:49:33.681145,2010,
Sony Cyber-shot DSC-TX5,Sony,2010,https://en.wikipedia.org/wiki/Sony_Cyber-shot_DSC-TX5,2025-08-27T22:49:33.681148,2010,
Sony NEX,Sony,2010,https://en.wikipedia.org/wiki/Sony_NEX,2025-08-27T22:49:33.681150,2010,
Canon EOS 600D,Canon,2011,https://en.wikipedia.org/wiki/Canon_EOS_600D,2025-08-27T22:49:34.216958,2011,
Canon EOS 1100D,Canon,2011,https://en.wikipedia.org/wiki/Canon_EOS_1100D,2025-08-27T22:49:34.217022,2011,
Canon IXUS 115 HS,Canon,2011,https://en.wikipedia.org/wiki/Canon_IXUS_115_HS,2025-08-27T22:49:34.217027,2011,
Fujifilm FinePix HS20EXR,Fujifilm,2011,https://en.wikipedia.org/wiki/Fujifilm_FinePix_HS20EXR,2025-08-27T22:49:34.217030,2011,
Fujifilm X-S1,Fujifilm,2011,https://en.wikipedia.org/wiki/Fujifilm_X-S1,2025-08-27T22:49:34.217033,2011,
Fujifilm X10,Fujifilm,2011,https://en.wikipedia.org/wiki/Fujifilm_X10,2025-08-27T22:49:34.217035,2011,
Nikon 1 J1,Nikon,2011,https://en.wikipedia.org/wiki/Nikon_1_J1,2025-08-27T22:49:34.217037,2011,
Nikon 1 series,Nikon,2011,https://en.wikipedia.org/wiki/Nikon_1_series,2025-08-27T22:49:34.217040,2011,
Nikon Coolpix P7100,Nikon,2011,https://en.wikipedia.org/wiki/Nikon_Coolpix_P7100,2025-08-27T22:49:34.217042,2011,
Nikon Coolpix S2500,Nikon,2011,https://en.wikipedia.org/wiki/Nikon_Coolpix_S2500,2025-08-27T22:49:34.217045,2011,
Nikon Coolpix S3100,Nikon,2011,https://en.wikipedia.org/wiki/Nikon_Coolpix_S3100,2025-08-27T22:49:34.217047,2011,
Nikon D5100,Nikon,2011,https://en.wikipedia.org/wiki/Nikon_D5100,2025-08-27T22:49:34.217049,2011,
Olympus PEN E-P3,Olympus,2011,https://en.wikipedia.org/wiki/Olympus_PEN_E-P3,2025-08-27T22:49:34.217051,2011,
Olympus PEN E-PL2,Olympus,2011,https://en.wikipedia.org/wiki/Olympus_PEN_E-PL2,2025-08-27T22:49:34.217053,2011,
Olympus PEN E-PL3,Olympus,2011,https://en.wikipedia.org/wiki/Olympus_PEN_E-PL3,2025-08-27T22:49:34.217056,2011,
Olympus PEN E-PM1,Olympus,2011,https://en.wikipedia.org/wiki/Olympus_PEN_E-PM1,2025-08-27T22:49:34.217058,2011,
Olympus VR-310,Olympus,2011,https://en.wikipedia.org/wiki/Olympus_VR-310,2025-08-27T22:49:34.217060,2011,
Olympus XZ-1,Olympus,2011,https://en.wikipedia.org/wiki/Olympus_XZ-1,2025-08-27T22:49:34.217063,2011,
Pentax Q,Pentax,2011,https://en.wikipedia.org/wiki/Pentax_Q,2025-08-27T22:49:34.217065,2011,
Samsung NX200,Samsung,2011,https://en.wikipedia.org/wiki/Samsung_NX200,2025-08-27T22:49:34.217068,2011,
Sigma DP2x,Sigma,2011,https://en.wikipedia.org/wiki/Sigma_DP2x,2025-08-27T22:49:34.217070,2011,
Sony Alpha 65,Sony,2011,https://en.wikipedia.org/wiki/Sony_Alpha_65,2025-08-27T22:49:34.217072,2011,
Sony Alpha 77,Sony,2011,https://en.wikipedia.org/wiki/Sony_Alpha_77,2025-08-27T22:49:34.217074,2011,
Sony NEX-C3,Sony,2011,https://en.wikipedia.org/wiki/Sony_NEX-C3,2025-08-27T22:49:34.217077,2011,
Canon EOS 5D Mark III,Canon,2012,https://en.wikipedia.org/wiki/Canon_EOS_5D_Mark_III,2025-08-27T22:49:34.745079,2012,
Canon EOS 6D,Canon,2012,https://en.wikipedia.org/wiki/Canon_EOS_6D,2025-08-27T22:49:34.745097,2012,
Canon EOS 60Da,Canon,2012,https://en.wikipedia.org/wiki/Canon_EOS_60Da,2025-08-27T22:49:34.745100,2012,
Canon EOS 650D,Canon,2012,https://en.wikipedia.org/wiki/Canon_EOS_650D,2025-08-27T22:49:34.745103,2012,
Canon EOS M,Canon,2012,https://en.wikipedia.org/wiki/Canon_EOS_M,2025-08-27T22:49:34.745106,2012,
Canon EOS-1D X,Canon,2012,https://en.wikipedia.org/wiki/Canon_EOS-1D_X,2025-08-27T22:49:34.745109,2012,
Canon PowerShot G1 X,Canon,2012,https://en.wikipedia.org/wiki/Canon_PowerShot_G1_X,2025-08-27T22:49:34.745111,2012,
Canon PowerShot S110,Canon,2012,https://en.wikipedia.org/wiki/Canon_PowerShot_S110,2025-08-27T22:49:34.745114,2012,
Canon PowerShot SX50 HS,Canon,2012,https://en.wikipedia.org/wiki/Canon_PowerShot_SX50_HS,2025-08-27T22:49:34.745116,2012,
Fujifilm FinePix HS30EXR,Fujifilm,2012,https://en.wikipedia.org/wiki/Fujifilm_FinePix_HS30EXR,2025-08-27T22:49:34.745119,2012,
Fujifilm X-E1,Fujifilm,2012,https://en.wikipedia.org/wiki/Fujifilm_X-E1,2025-08-27T22:49:34.745121,2012,
Fujifilm X-Pro1,Fujifilm,2012,https://en.wikipedia.org/wiki/Fujifilm_X-Pro1,2025-08-27T22:49:34.745123,2012,
Fujifilm XF1,Fujifilm,2012,https://en.wikipedia.org/wiki/Fujifilm_XF1,2025-08-27T22:49:34.745125,2012,
HADECS,HADECS,2012,https://en.wikipedia.org/wiki/HADECS,2025-08-27T22:49:34.745128,2012,
Leica M (Camera),Leica,2012,https://en.wikipedia.org/wiki/Leica_M_(Camera),2025-08-27T22:49:34.745130,2012,
Leica M (Typ 240),Leica,2012,https://en.wikipedia.org/wiki/Leica_M_(Typ_240),2025-08-27T22:49:34.745132,2012,
Leica M Monochrom,Leica,2012,https://en.wikipedia.org/wiki/Leica_M_Monochrom,2025-08-27T22:49:34.745135,2012,
Leica M-E,Leica,2012,https://en.wikipedia.org/wiki/Leica_M-E,2025-08-27T22:49:34.745137,2012,
Leica X2,Leica,2012,https://en.wikipedia.org/wiki/Leica_X2,2025-08-27T22:49:34.745139,2012,
Nikon 1 V2,Nikon,2012,https://en.wikipedia.org/wiki/Nikon_1_V2,2025-08-27T22:49:34.745141,2012,
Nikon Coolpix P510,Nikon,2012,https://en.wikipedia.org/wiki/Nikon_Coolpix_P510,2025-08-27T22:49:34.745144,2012,
Nikon Coolpix S800c,Nikon,2012,https://en.wikipedia.org/wiki/Nikon_Coolpix_S800c,2025-08-27T22:49:34.745146,2012,
Nikon D4,Nikon,2012,https://en.wikipedia.org/wiki/Nikon_D4,2025-08-27T22:49:34.745148,2012,
Nikon D600,Nikon,2012,https://en.wikipedia.org/wiki/Nikon_D600,2025-08-27T22:49:34.745151,2012,
Nikon D800,Nikon,2012,https://en.wikipedia.org/wiki/Nikon_D800,2025-08-27T22:49:34.745153,2012,
Nikon D800E,Nikon,2012,https://en.wikipedia.org/wiki/Nikon_D800E,2025-08-27T22:49:34.745155,2012,
Nikon D3200,Nikon,2012,https://en.wikipedia.org/wiki/Nikon_D3200,2025-08-27T22:49:34.745157,2012,
Nikon D5200,Nikon,2012,https://en.wikipedia.org/wiki/Nikon_D5200,2025-08-27T22:49:34.745160,2012,
Olympus OM-D E-M5,Olympus,2012,https://en.wikipedia.org/wiki/Olympus_OM-D_E-M5,2025-08-27T22:49:34.745162,2012,
Olympus PEN E-PL5,Olympus,2012,https://en.wikipedia.org/wiki/Olympus_PEN_E-PL5,2025-08-27T22:49:34.745164,2012,
Olympus PEN E-PM2,Olympus,2012,https://en.wikipedia.org/wiki/Olympus_PEN_E-PM2,2025-08-27T22:49:34.745166,2012,
Pentax K-01,Pentax,2012,https://en.wikipedia.org/wiki/Pentax_K-01,2025-08-27T22:49:34.745195,2012,
Pentax K-5 II,Pentax,2012,https://en.wikipedia.org/wiki/Pentax_K-5_II,2025-08-27T22:49:34.745198,2012,
Pentax K-30,Pentax,2012,https://en.wikipedia.org/wiki/Pentax_K-30,2025-08-27T22:49:34.745201,2012,
Pentax X-5,Pentax,2012,https://en.wikipedia.org/wiki/Pentax_X-5,2025-08-27T22:49:34.745203,2012,
Samsung Galaxy Camera,Samsung,2012,https://en.wikipedia.org/wiki/Samsung_Galaxy_Camera,2025-08-27T22:49:34.745206,2012,
Sony Alpha 37,Sony,2012,https://en.wikipedia.org/wiki/Sony_Alpha_37,2025-08-27T22:49:34.745208,2012,
Sony Alpha 57,Sony,2012,https://en.wikipedia.org/wiki/Sony_Alpha_57,2025-08-27T22:49:34.745211,2012,
Sony Alpha 99,Sony,2012,https://en.wikipedia.org/wiki/Sony_Alpha_99,2025-08-27T22:49:34.745213,2012,
Sony Cyber-shot DSC-RX1,Sony,2012,https://en.wikipedia.org/wiki/Sony_Cyber-shot_DSC-RX1,2025-08-27T22:49:34.745215,2012,
Sony Cyber-shot DSC-RX100 series,Sony,2012,https://en.wikipedia.org/wiki/Sony_Cyber-shot_DSC-RX100_series,2025-08-27T22:49:34.745218,2012,
Sony NEX-5R,Sony,2012,https://en.wikipedia.org/wiki/Sony_NEX-5R,2025-08-27T22:49:34.745220,2012,
Sony NEX-F3,Sony,2012,https://en.wikipedia.org/wiki/Sony_NEX-F3,2025-08-27T22:49:34.745222,2012,
Canon EOS 70D,Canon,2013,https://en.wikipedia.org/wiki/Canon_EOS_70D,2025-08-27T22:49:35.272295,2013,
Canon EOS 100D,Canon,2013,https://en.wikipedia.org/wiki/Canon_EOS_100D,2025-08-27T22:49:35.272308,2013,
Canon EOS 700D,Canon,2013,https://en.wikipedia.org/wiki/Canon_EOS_700D,2025-08-27T22:49:35.272311,2013,
Canon EOS-1D C,Canon,2013,https://en.wikipedia.org/wiki/Canon_EOS-1D_C,2025-08-27T22:49:35.272314,2013,
Canon PowerShot G16,Canon,2013,https://en.wikipedia.org/wiki/Canon_PowerShot_G16,2025-08-27T22:49:35.272316,2013,
Canon PowerShot S120,Canon,2013,https://en.wikipedia.org/wiki/Canon_PowerShot_S120,2025-08-27T22:49:35.272319,2013,
Fujifilm FinePix HS50EXR,Fujifilm,2013,https://en.wikipedia.org/wiki/Fujifilm_FinePix_HS50EXR,2025-08-27T22:49:35.272321,2013,
Fujifilm X-A1,Fujifilm,2013,https://en.wikipedia.org/wiki/Fujifilm_X-A1,2025-08-27T22:49:35.272324,2013,
Fujifilm X-E2,Fujifilm,2013,https://en.wikipedia.org/wiki/Fujifilm_X-E2,2025-08-27T22:49:35.272326,2013,
Fujifilm X-M1,Fujifilm,2013,https://en.wikipedia.org/wiki/Fujifilm_X-M1,2025-08-27T22:49:35.272328,2013,
Fujifilm X20,Fujifilm,2013,https://en.wikipedia.org/wiki/Fujifilm_X20,2025-08-27T22:49:35.272330,2013,
Fujifilm XQ1,Fujifilm,2013,https://en.wikipedia.org/wiki/Fujifilm_XQ1,2025-08-27T22:49:35.272332,2013,
Kodak PixPro AZ521,Kodak,2013,https://en.wikipedia.org/wiki/Kodak_PixPro_AZ521,2025-08-27T22:49:35.272334,2013,
Leica X Vario,Leica,2013,https://en.wikipedia.org/wiki/Leica_X_Vario,2025-08-27T22:49:35.272337,2013,
Nikon 1 AW1,Nikon,2013,https://en.wikipedia.org/wiki/Nikon_1_AW1,2025-08-27T22:49:35.272339,2013,
Nikon 1 J2,Nikon,2013,https://en.wikipedia.org/wiki/Nikon_1_J2,2025-08-27T22:49:35.272341,2013,
Nikon 1 J3,Nikon,2013,https://en.wikipedia.org/wiki/Nikon_1_J3,2025-08-27T22:49:35.272343,2013,
Nikon 1 S1,Nikon,2013,https://en.wikipedia.org/wiki/Nikon_1_S1,2025-08-27T22:49:35.272346,2013,
Nikon Coolpix A,Nikon,2013,https://en.wikipedia.org/wiki/Nikon_Coolpix_A,2025-08-27T22:49:35.272348,2013,
Nikon Coolpix P520,Nikon,2013,https://en.wikipedia.org/wiki/Nikon_Coolpix_P520,2025-08-27T22:49:35.272350,2013,
Nikon Coolpix P7800,Nikon,2013,https://en.wikipedia.org/wiki/Nikon_Coolpix_P7800,2025-08-27T22:49:35.272353,2013,
Nikon D610,Nikon,2013,https://en.wikipedia.org/wiki/Nikon_D610,2025-08-27T22:49:35.272355,2013,
Nikon D5300,Nikon,2013,https://en.wikipedia.org/wiki/Nikon_D5300,2025-08-27T22:49:35.272357,2013,
Nikon D7100,Nikon,2013,https://en.wikipedia.org/wiki/Nikon_D7100,2025-08-27T22:49:35.272359,2013,
Nikon Df,Nikon,2013,https://en.wikipedia.org/wiki/Nikon_Df,2025-08-27T22:49:35.272361,2013,
Olympus OM-D E-M1,Olympus,2013,https://en.wikipedia.org/wiki/Olympus_OM-D_E-M1,2025-08-27T22:49:35.272363,2013,
Olympus PEN E-P5,Olympus,2013,https://en.wikipedia.org/wiki/Olympus_PEN_E-P5,2025-08-27T22:49:35.272366,2013,
Olympus PEN E-PL6,Olympus,2013,https://en.wikipedia.org/wiki/Olympus_PEN_E-PL6,2025-08-27T22:49:35.272368,2013,
Olympus Stylus 1,Olympus,2013,https://en.wikipedia.org/wiki/Olympus_Stylus_1,2025-08-27T22:49:35.272370,2013,
Pentax K-3,Pentax,2013,https://en.wikipedia.org/wiki/Pentax_K-3,2025-08-27T22:49:35.272372,2013,
Pentax K-50,Pentax,2013,https://en.wikipedia.org/wiki/Pentax_K-50,2025-08-27T22:49:35.272374,2013,
Pentax MX-1,Pentax,2013,https://en.wikipedia.org/wiki/Pentax_MX-1,2025-08-27T22:49:35.272376,2013,
Pentax Q7,Pentax,2013,https://en.wikipedia.org/wiki/Pentax_Q7,2025-08-27T22:49:35.272378,2013,
Pentax Q10,Pentax,2013,https://en.wikipedia.org/wiki/Pentax_Q10,2025-08-27T22:49:35.272381,2013,
Samsung Galaxy NX,Samsung,2013,https://en.wikipedia.org/wiki/Samsung_Galaxy_NX,2025-08-27T22:49:35.272383,2013,
Samsung Galaxy S4 Zoom,Samsung,2013,https://en.wikipedia.org/wiki/Samsung_Galaxy_S4_Zoom,2025-08-27T22:49:35.272385,2013,
Samsung NX300,Samsung,2013,https://en.wikipedia.org/wiki/Samsung_NX300,2025-08-27T22:49:35.272387,2013,
Samsung NX300M,Samsung,2013,https://en.wikipedia.org/wiki/Samsung_NX300M,2025-08-27T22:49:35.272389,2013,
Samsung NX2000,Samsung,2013,https://en.wikipedia.org/wiki/Samsung_NX2000,2025-08-27T22:49:35.272407,2013,
Sony Alpha 58,Sony,2013,https://en.wikipedia.org/wiki/Sony_Alpha_58,2025-08-27T22:49:35.272410,2013,
Sony Cyber-shot DSC-HX50,Sony,2013,https://en.wikipedia.org/wiki/Sony_Cyber-shot_DSC-HX50,2025-08-27T22:49:35.272412,2013,
Sony Cyber-shot DSC-RX1,Sony,2013,https://en.wikipedia.org/wiki/Sony_Cyber-shot_DSC-RX1,2025-08-27T22:49:35.272415,2013,
Sony Cyber-shot DSC-RX10,Sony,2013,https://en.wikipedia.org/wiki/Sony_Cyber-shot_DSC-RX10,2025-08-27T22:49:35.272417,2013,
Sony NEX-3N,Sony,2013,https://en.wikipedia.org/wiki/Sony_NEX-3N,2025-08-27T22:49:35.272419,2013,
Sony NEX-5T,Sony,2013,https://en.wikipedia.org/wiki/Sony_NEX-5T,2025-08-27T22:49:35.272421,2013,
Sony α7,Sony,2013,https://en.wikipedia.org/wiki/Sony_α7,2025-08-27T22:49:35.272425,2013,
Sony α7R,Sony,2013,https://en.wikipedia.org/wiki/Sony_α7R,2025-08-27T22:49:35.272428,2013,
Sony α3000,Sony,2013,https://en.wikipedia.org/wiki/Sony_α3000,2025-08-27T22:49:35.272431,2013,
Canon EOS 7D Mark II,Canon,2014,https://en.wikipedia.org/wiki/Canon_EOS_7D_Mark_II,2025-08-27T22:49:35.800807,2014,
Canon EOS 1200D,Canon,2014,https://en.wikipedia.org/wiki/Canon_EOS_1200D,2025-08-27T22:49:35.800820,2014,
Canon PowerShot G1 X Mark II,Canon,2014,https://en.wikipedia.org/wiki/Canon_PowerShot_G1_X_Mark_II,2025-08-27T22:49:35.800823,2014,
Canon PowerShot G7 X,Canon,2014,https://en.wikipedia.org/wiki/Canon_PowerShot_G7_X,2025-08-27T22:49:35.800826,2014,
Canon PowerShot S200,Canon,2014,https://en.wikipedia.org/wiki/Canon_PowerShot_S200,2025-08-27T22:49:35.800829,2014,
Canon PowerShot SX60 HS,Canon,2014,https://en.wikipedia.org/wiki/Canon_PowerShot_SX60_HS,2025-08-27T22:49:35.800831,2014,
Canon PowerShot SX520 HS,Canon,2014,https://en.wikipedia.org/wiki/Canon_PowerShot_SX520_HS,2025-08-27T22:49:35.800834,2014,
DSC-QX100,DSC-QX100,2014,https://en.wikipedia.org/wiki/DSC-QX100,2025-08-27T22:49:35.800836,2014,
Fujifilm FinePix S9200,Fujifilm,2014,https://en.wikipedia.org/wiki/Fujifilm_FinePix_S9200,2025-08-27T22:49:35.800838,2014,
Fujifilm X-T1,Fujifilm,2014,https://en.wikipedia.org/wiki/Fujifilm_X-T1,2025-08-27T22:49:35.800841,2014,
Fujifilm X30,Fujifilm,2014,https://en.wikipedia.org/wiki/Fujifilm_X30,2025-08-27T22:49:35.800843,2014,
HTC RE Camera,HTC,2014,https://en.wikipedia.org/wiki/HTC_RE_Camera,2025-08-27T22:49:35.800845,2014,
Kodak Pixpro S-1,Kodak,2014,https://en.wikipedia.org/wiki/Kodak_Pixpro_S-1,2025-08-27T22:49:35.800848,2014,
Leica M-A,Leica,2014,https://en.wikipedia.org/wiki/Leica_M-A,2025-08-27T22:49:35.800865,2014,
Leica S-E,Leica,2014,https://en.wikipedia.org/wiki/Leica_S-E,2025-08-27T22:49:35.800868,2014,
Leica T (Typ 701),Leica,2014,https://en.wikipedia.org/wiki/Leica_T_(Typ_701),2025-08-27T22:49:35.800870,2014,
Leica X,Leica,2014,https://en.wikipedia.org/wiki/Leica_X,2025-08-27T22:49:35.800872,2014,
Nikon 1 J4,Nikon,2014,https://en.wikipedia.org/wiki/Nikon_1_J4,2025-08-27T22:49:35.800875,2014,
Nikon 1 S2,Nikon,2014,https://en.wikipedia.org/wiki/Nikon_1_S2,2025-08-27T22:49:35.800877,2014,
Nikon 1 V3,Nikon,2014,https://en.wikipedia.org/wiki/Nikon_1_V3,2025-08-27T22:49:35.800879,2014,
Nikon Coolpix P600,Nikon,2014,https://en.wikipedia.org/wiki/Nikon_Coolpix_P600,2025-08-27T22:49:35.800881,2014,
Nikon D4S,Nikon,2014,https://en.wikipedia.org/wiki/Nikon_D4S,2025-08-27T22:49:35.800883,2014,
Nikon D750,Nikon,2014,https://en.wikipedia.org/wiki/Nikon_D750,2025-08-27T22:49:35.800886,2014,
Nikon D810,Nikon,2014,https://en.wikipedia.org/wiki/Nikon_D810,2025-08-27T22:49:35.800888,2014,
Nikon D3300,Nikon,2014,https://en.wikipedia.org/wiki/Nikon_D3300,2025-08-27T22:49:35.800890,2014,
Olympus OM-D E-M10,Olympus,2014,https://en.wikipedia.org/wiki/Olympus_OM-D_E-M10,2025-08-27T22:49:35.800892,2014,
Olympus PEN E-PL7,Olympus,2014,https://en.wikipedia.org/wiki/Olympus_PEN_E-PL7,2025-08-27T22:49:35.800894,2014,
Panasonic Lumix DMC-CM1,Panasonic,2014,https://en.wikipedia.org/wiki/Panasonic_Lumix_DMC-CM1,2025-08-27T22:49:35.800897,2014,
Panasonic Lumix DMC-GH4,Panasonic,2014,https://en.wikipedia.org/wiki/Panasonic_Lumix_DMC-GH4,2025-08-27T22:49:35.800899,2014,
Pentax 645Z,Pentax,2014,https://en.wikipedia.org/wiki/Pentax_645Z,2025-08-27T22:49:35.800901,2014,
Pentax K-S1,Pentax,2014,https://en.wikipedia.org/wiki/Pentax_K-S1,2025-08-27T22:49:35.800903,2014,
Pentax Q-S1,Pentax,2014,https://en.wikipedia.org/wiki/Pentax_Q-S1,2025-08-27T22:49:35.800905,2014,
Pentax XG-1,Pentax,2014,https://en.wikipedia.org/wiki/Pentax_XG-1,2025-08-27T22:49:35.800907,2014,
Ricoh WG-4,Ricoh,2014,https://en.wikipedia.org/wiki/Ricoh_WG-4,2025-08-27T22:49:35.800909,2014,
Ricoh WG-20,Ricoh,2014,https://en.wikipedia.org/wiki/Ricoh_WG-20,2025-08-27T22:49:35.800911,2014,
Ricoh WG-30,Ricoh,2014,https://en.wikipedia.org/wiki/Ricoh_WG-30,2025-08-27T22:49:35.800913,2014,
Ricoh WG-M1,Ricoh,2014,https://en.wikipedia.org/wiki/Ricoh_WG-M1,2025-08-27T22:49:35.800915,2014,
Samsung Galaxy Camera 2,Samsung,2014,https://en.wikipedia.org/wiki/Samsung_Galaxy_Camera_2,2025-08-27T22:49:35.800918,2014,
Samsung Galaxy K Zoom,Samsung,2014,https://en.wikipedia.org/wiki/Samsung_Galaxy_K_Zoom,2025-08-27T22:49:35.800920,2014,
Samsung NX3000,Samsung,2014,https://en.wikipedia.org/wiki/Samsung_NX3000,2025-08-27T22:49:35.800922,2014,
Sony Alpha 77 II,Sony,2014,https://en.wikipedia.org/wiki/Sony_Alpha_77_II,2025-08-27T22:49:35.800931,2014,
Sony Cyber-shot DSC-H400,Sony,2014,https://en.wikipedia.org/wiki/Sony_Cyber-shot_DSC-H400,2025-08-27T22:49:35.800933,2014,
Sony α7S,Sony,2014,https://en.wikipedia.org/wiki/Sony_α7S,2025-08-27T22:49:35.800937,2014,
Sony α3500,Sony,2014,https://en.wikipedia.org/wiki/Sony_α3500,2025-08-27T22:49:35.800940,2014,
Sony α5000,Sony,2014,https://en.wikipedia.org/wiki/Sony_α5000,2025-08-27T22:49:35.800943,2014,
Sony α5100,Sony,2014,https://en.wikipedia.org/wiki/Sony_α5100,2025-08-27T22:49:35.800945,2014,
Sony α6000,Sony,2014,https://en.wikipedia.org/wiki/Sony_α6000,2025-08-27T22:49:35.800947,2014,
Canon EOS 5DS,Canon,2015,https://en.wikipedia.org/wiki/Canon_EOS_5DS,2025-08-27T22:49:36.324355,2015,
Canon EOS 750D,Canon,2015,https://en.wikipedia.org/wiki/Canon_EOS_750D,2025-08-27T22:49:36.324374,2015,
Canon EOS M3,Canon,2015,https://en.wikipedia.org/wiki/Canon_EOS_M3,2025-08-27T22:49:36.324377,2015,
Canon EOS M10,Canon,2015,https://en.wikipedia.org/wiki/Canon_EOS_M10,2025-08-27T22:49:36.324380,2015,
Canon PowerShot G3 X,Canon,2015,https://en.wikipedia.org/wiki/Canon_PowerShot_G3_X,2025-08-27T22:49:36.324383,2015,
Canon PowerShot G5 X,Canon,2015,https://en.wikipedia.org/wiki/Canon_PowerShot_G5_X,2025-08-27T22:49:36.324386,2015,
Canon PowerShot G9 X,Canon,2015,https://en.wikipedia.org/wiki/Canon_PowerShot_G9_X,2025-08-27T22:49:36.324388,2015,
DxO ONE,DxO,2015,https://en.wikipedia.org/wiki/DxO_ONE,2025-08-27T22:49:36.324391,2015,
Fujifilm X-A2,Fujifilm,2015,https://en.wikipedia.org/wiki/Fujifilm_X-A2,2025-08-27T22:49:36.324393,2015,
Fujifilm X-T10,Fujifilm,2015,https://en.wikipedia.org/wiki/Fujifilm_X-T10,2025-08-27T22:49:36.324396,2015,
Fujifilm XQ2,Fujifilm,2015,https://en.wikipedia.org/wiki/Fujifilm_XQ2,2025-08-27T22:49:36.324398,2015,
Leica L-Mount,Leica,2015,https://en.wikipedia.org/wiki/Leica_L-Mount,2025-08-27T22:49:36.324401,2015,
Leica M (Typ 262),Leica,2015,https://en.wikipedia.org/wiki/Leica_M_(Typ_262),2025-08-27T22:49:36.324404,2015,
Leica M Monochrom (Typ 246),Leica,2015,https://en.wikipedia.org/wiki/Leica_M_Monochrom_(Typ_246),2025-08-27T22:49:36.324407,2015,
Leica Q,Leica,2015,https://en.wikipedia.org/wiki/Leica_Q,2025-08-27T22:49:36.324409,2015,
Leica S,Leica,2015,https://en.wikipedia.org/wiki/Leica_S,2025-08-27T22:49:36.324412,2015,
Leica SL (Typ 601),Leica,2015,https://en.wikipedia.org/wiki/Leica_SL_(Typ_601),2025-08-27T22:49:36.324414,2015,
Nikon 1 J5,Nikon,2015,https://en.wikipedia.org/wiki/Nikon_1_J5,2025-08-27T22:49:36.324418,2015,
Nikon Coolpix P610,Nikon,2015,https://en.wikipedia.org/wiki/Nikon_Coolpix_P610,2025-08-27T22:49:36.324420,2015,
Nikon Coolpix P900,Nikon,2015,https://en.wikipedia.org/wiki/Nikon_Coolpix_P900,2025-08-27T22:49:36.324422,2015,
Nikon D810A,Nikon,2015,https://en.wikipedia.org/wiki/Nikon_D810A,2025-08-27T22:49:36.324424,2015,
Nikon D5500,Nikon,2015,https://en.wikipedia.org/wiki/Nikon_D5500,2025-08-27T22:49:36.324456,2015,
Nikon D7200,Nikon,2015,https://en.wikipedia.org/wiki/Nikon_D7200,2025-08-27T22:49:36.324458,2015,
Olympus Air,Olympus,2015,https://en.wikipedia.org/wiki/Olympus_Air,2025-08-27T22:49:36.324461,2015,
Olympus OM-D E-M5 Mark II,Olympus,2015,https://en.wikipedia.org/wiki/Olympus_OM-D_E-M5_Mark_II,2025-08-27T22:49:36.324463,2015,
Olympus OM-D E-M10 Mark II,Olympus,2015,https://en.wikipedia.org/wiki/Olympus_OM-D_E-M10_Mark_II,2025-08-27T22:49:36.324466,2015,
Olympus Stylus SH-2,Olympus,2015,https://en.wikipedia.org/wiki/Olympus_Stylus_SH-2,2025-08-27T22:49:36.324468,2015,
Olympus Stylus Tough TG-860,Olympus,2015,https://en.wikipedia.org/wiki/Olympus_Stylus_Tough_TG-860,2025-08-27T22:49:36.324471,2015,
Olympus Tough TG-4,Olympus,2015,https://en.wikipedia.org/wiki/Olympus_Tough_TG-4,2025-08-27T22:49:36.324473,2015,
Panasonic Lumix DMC-G7,Panasonic,2015,https://en.wikipedia.org/wiki/Panasonic_Lumix_DMC-G7,2025-08-27T22:49:36.324475,2015,
Panasonic Lumix DMC-GX8,Panasonic,2015,https://en.wikipedia.org/wiki/Panasonic_Lumix_DMC-GX8,2025-08-27T22:49:36.324477,2015,
Pentax K-3 II,Pentax,2015,https://en.wikipedia.org/wiki/Pentax_K-3_II,2025-08-27T22:49:36.324480,2015,
Pentax K-S2,Pentax,2015,https://en.wikipedia.org/wiki/Pentax_K-S2,2025-08-27T22:49:36.324482,2015,
Samsung NX500,Samsung,2015,https://en.wikipedia.org/wiki/Samsung_NX500,2025-08-27T22:49:36.324493,2015,
Sony Alpha 68,Sony,2015,https://en.wikipedia.org/wiki/Sony_Alpha_68,2025-08-27T22:49:36.324496,2015,
Sony Cyber-shot DSC-HX90V,Sony,2015,https://en.wikipedia.org/wiki/Sony_Cyber-shot_DSC-HX90V,2025-08-27T22:49:36.324499,2015,
Sony Cyber-shot DSC-RX1,Sony,2015,https://en.wikipedia.org/wiki/Sony_Cyber-shot_DSC-RX1,2025-08-27T22:49:36.324501,2015,
Sony Cyber-shot DSC-RX10 II,Sony,2015,https://en.wikipedia.org/wiki/Sony_Cyber-shot_DSC-RX10_II,2025-08-27T22:49:36.324503,2015,
Sony Cyber-shot DSC-RX100 IV,Sony,2015,https://en.wikipedia.org/wiki/Sony_Cyber-shot_DSC-RX100_IV,2025-08-27T22:49:36.324506,2015,
Sony Cyber-shot DSC-WX500,Sony,2015,https://en.wikipedia.org/wiki/Sony_Cyber-shot_DSC-WX500,2025-08-27T22:49:36.324508,2015,
Sony α7 II,Sony,2015,https://en.wikipedia.org/wiki/Sony_α7_II,2025-08-27T22:49:36.324513,2015,
Sony α7R II,Sony,2015,https://en.wikipedia.org/wiki/Sony_α7R_II,2025-08-27T22:49:36.324517,2015,
Sony α7S II,Sony,2015,https://en.wikipedia.org/wiki/Sony_α7S_II,2025-08-27T22:49:36.324519,2015,
Canon EOS 5D Mark IV,Canon,2016,https://en.wikipedia.org/wiki/Canon_EOS_5D_Mark_IV,2025-08-27T22:49:36.845799,2016,
Canon EOS 80D,Canon,2016,https://en.wikipedia.org/wiki/Canon_EOS_80D,2025-08-27T22:49:36.845812,2016,
Canon EOS 90D,Canon,2016,https://en.wikipedia.org/wiki/Canon_EOS_90D,2025-08-27T22:49:36.845815,2016,
Canon EOS 1300D,Canon,2016,https://en.wikipedia.org/wiki/Canon_EOS_1300D,2025-08-27T22:49:36.845818,2016,
Canon EOS-1D X Mark II,Canon,2016,https://en.wikipedia.org/wiki/Canon_EOS-1D_X_Mark_II,2025-08-27T22:49:36.845821,2016,
Fujifilm X-A3,Fujifilm,2016,https://en.wikipedia.org/wiki/Fujifilm_X-A3,2025-08-27T22:49:36.845823,2016,
Fujifilm X-Pro2,Fujifilm,2016,https://en.wikipedia.org/wiki/Fujifilm_X-Pro2,2025-08-27T22:49:36.845825,2016,
Fujifilm X-T2,Fujifilm,2016,https://en.wikipedia.org/wiki/Fujifilm_X-T2,2025-08-27T22:49:36.845827,2016,
Fujifilm X70,Fujifilm,2016,https://en.wikipedia.org/wiki/Fujifilm_X70,2025-08-27T22:49:36.845829,2016,
Leica M-D (Typ 262),Leica,2016,https://en.wikipedia.org/wiki/Leica_M-D_(Typ_262),2025-08-27T22:49:36.845832,2016,
Leica TL,Leica,2016,https://en.wikipedia.org/wiki/Leica_TL,2025-08-27T22:49:36.845834,2016,
Leica X-U,Leica,2016,https://en.wikipedia.org/wiki/Leica_X-U,2025-08-27T22:49:36.845836,2016,
Nikon D5,Nikon,2016,https://en.wikipedia.org/wiki/Nikon_D5,2025-08-27T22:49:36.845838,2016,
Nikon D500,Nikon,2016,https://en.wikipedia.org/wiki/Nikon_D500,2025-08-27T22:49:36.845841,2016,
Nikon D3400,Nikon,2016,https://en.wikipedia.org/wiki/Nikon_D3400,2025-08-27T22:49:36.845843,2016,
Nikon D5600,Nikon,2016,https://en.wikipedia.org/wiki/Nikon_D5600,2025-08-27T22:49:36.845845,2016,
Olympus OM-D E-M1 Mark II,Olympus,2016,https://en.wikipedia.org/wiki/Olympus_OM-D_E-M1_Mark_II,2025-08-27T22:49:36.845848,2016,
Olympus PEN-F,Olympus,2016,https://en.wikipedia.org/wiki/Olympus_PEN-F,2025-08-27T22:49:36.845850,2016,
Panasonic Lumix DMC-G85/G80,Panasonic,2016,https://en.wikipedia.org/wiki/Panasonic_Lumix_DMC-G85/G80,2025-08-27T22:49:36.845852,2016,
Pentax K-1,Pentax,2016,https://en.wikipedia.org/wiki/Pentax_K-1,2025-08-27T22:49:36.845854,2016,
Pentax K-70,Pentax,2016,https://en.wikipedia.org/wiki/Pentax_K-70,2025-08-27T22:49:36.845857,2016,
Sony α99 II,Sony,2016,https://en.wikipedia.org/wiki/Sony_α99_II,2025-08-27T22:49:36.845861,2016,
Sony α6300,Sony,2016,https://en.wikipedia.org/wiki/Sony_α6300,2025-08-27T22:49:36.845874,2016,
Sony α6500,Sony,2016,https://en.wikipedia.org/wiki/Sony_α6500,2025-08-27T22:49:36.845878,2016,
Canon EOS 6D Mark II,Canon,2017,https://en.wikipedia.org/wiki/Canon_EOS_6D_Mark_II,2025-08-27T22:49:37.370062,2017,
Canon EOS 77D,Canon,2017,https://en.wikipedia.org/wiki/Canon_EOS_77D,2025-08-27T22:49:37.370083,2017,
Canon EOS 200D,Canon,2017,https://en.wikipedia.org/wiki/Canon_EOS_200D,2025-08-27T22:49:37.370087,2017,
Canon EOS 800D,Canon,2017,https://en.wikipedia.org/wiki/Canon_EOS_800D,2025-08-27T22:49:37.370089,2017,
Canon EOS M6,Canon,2017,https://en.wikipedia.org/wiki/Canon_EOS_M6,2025-08-27T22:49:37.370092,2017,
Canon EOS M100,Canon,2017,https://en.wikipedia.org/wiki/Canon_EOS_M100,2025-08-27T22:49:37.370094,2017,
Fujifilm GFX 50R,Fujifilm,2017,https://en.wikipedia.org/wiki/Fujifilm_GFX_50R,2025-08-27T22:49:37.370097,2017,
Fujifilm GFX 50S,Fujifilm,2017,https://en.wikipedia.org/wiki/Fujifilm_GFX_50S,2025-08-27T22:49:37.370099,2017,
Fujifilm X-E3,Fujifilm,2017,https://en.wikipedia.org/wiki/Fujifilm_X-E3,2025-08-27T22:49:37.370101,2017,
Fujifilm X-T20,Fujifilm,2017,https://en.wikipedia.org/wiki/Fujifilm_X-T20,2025-08-27T22:49:37.370103,2017,
Leica CL (Typ 7323),Leica,2017,https://en.wikipedia.org/wiki/Leica_CL_(Typ_7323),2025-08-27T22:49:37.370106,2017,
Leica M10,Leica,2017,https://en.wikipedia.org/wiki/Leica_M10,2025-08-27T22:49:37.370108,2017,
Leica TL2,Leica,2017,https://en.wikipedia.org/wiki/Leica_TL2,2025-08-27T22:49:37.370110,2017,
Nikon D850,Nikon,2017,https://en.wikipedia.org/wiki/Nikon_D850,2025-08-27T22:49:37.370112,2017,
Nikon D7500,Nikon,2017,https://en.wikipedia.org/wiki/Nikon_D7500,2025-08-27T22:49:37.370114,2017,
Olympus OM-D E-M10 Mark III,Olympus,2017,https://en.wikipedia.org/wiki/Olympus_OM-D_E-M10_Mark_III,2025-08-27T22:49:37.370117,2017,
Olympus Tough TG-5,Olympus,2017,https://en.wikipedia.org/wiki/Olympus_Tough_TG-5,2025-08-27T22:49:37.370119,2017,
Panasonic Lumix DC-G9,Panasonic,2017,https://en.wikipedia.org/wiki/Panasonic_Lumix_DC-G9,2025-08-27T22:49:37.370121,2017,
Panasonic Lumix DC-GH5,Panasonic,2017,https://en.wikipedia.org/wiki/Panasonic_Lumix_DC-GH5,2025-08-27T22:49:37.370123,2017,
Pentax KP,Pentax,2017,https://en.wikipedia.org/wiki/Pentax_KP,2025-08-27T22:49:37.370126,2017,
Sony α7R III,Sony,2017,https://en.wikipedia.org/wiki/Sony_α7R_III,2025-08-27T22:49:37.370131,2017,
Sony α9,Sony,2017,https://en.wikipedia.org/wiki/Sony_α9,2025-08-27T22:49:37.370133,2017,
Canon EOS 2000D,Canon,2018,https://en.wikipedia.org/wiki/Canon_EOS_2000D,2025-08-27T22:49:37.889533,2018,
Canon EOS 4000D,Canon,2018,https://en.wikipedia.org/wiki/Canon_EOS_4000D,2025-08-27T22:49:37.889552,2018,
Canon EOS M50,Canon,2018,https://en.wikipedia.org/wiki/Canon_EOS_M50,2025-08-27T22:49:37.889555,2018,
Canon EOS R,Canon,2018,https://en.wikipedia.org/wiki/Canon_EOS_R,2025-08-27T22:49:37.889559,2018,
Fujifilm X-A5,Fujifilm,2018,https://en.wikipedia.org/wiki/Fujifilm_X-A5,2025-08-27T22:49:37.889561,2018,
Fujifilm X-H1,Fujifilm,2018,https://en.wikipedia.org/wiki/Fujifilm_X-H1,2025-08-27T22:49:37.889564,2018,
Fujifilm X-T3,Fujifilm,2018,https://en.wikipedia.org/wiki/Fujifilm_X-T3,2025-08-27T22:49:37.889566,2018,
Fujifilm X-T100,Fujifilm,2018,https://en.wikipedia.org/wiki/Fujifilm_X-T100,2025-08-27T22:49:37.889568,2018,
Leica M10,Leica,2018,https://en.wikipedia.org/wiki/Leica_M10,2025-08-27T22:49:37.889571,2018,
Leica M10-D,Leica,2018,https://en.wikipedia.org/wiki/Leica_M10-D,2025-08-27T22:49:37.889573,2018,
Nikon Coolpix P1000,Nikon,2018,https://en.wikipedia.org/wiki/Nikon_Coolpix_P1000,2025-08-27T22:49:37.889598,2018,
Nikon D3500,Nikon,2018,https://en.wikipedia.org/wiki/Nikon_D3500,2025-08-27T22:49:37.889601,2018,
Nikon Z6,Nikon,2018,https://en.wikipedia.org/wiki/Nikon_Z6,2025-08-27T22:49:37.889603,2018,
Nikon Z7,Nikon,2018,https://en.wikipedia.org/wiki/Nikon_Z7,2025-08-27T22:49:37.889606,2018,
Panasonic Lumix DC-GH5S,Panasonic,2018,https://en.wikipedia.org/wiki/Panasonic_Lumix_DC-GH5S,2025-08-27T22:49:37.889608,2018,
Panasonic Lumix DC-GX9,Panasonic,2018,https://en.wikipedia.org/wiki/Panasonic_Lumix_DC-GX9,2025-08-27T22:49:37.889611,2018,
Sony α7 III,Sony,2018,https://en.wikipedia.org/wiki/Sony_α7_III,2025-08-27T22:49:37.889616,2018,
Canon EOS 250D,Canon,2019,https://en.wikipedia.org/wiki/Canon_EOS_250D,2025-08-27T22:49:38.414987,2019,
Canon EOS M6 Mark II,Canon,2019,https://en.wikipedia.org/wiki/Canon_EOS_M6_Mark_II,2025-08-27T22:49:38.415008,2019,
Canon EOS M200,Canon,2019,https://en.wikipedia.org/wiki/Canon_EOS_M200,2025-08-27T22:49:38.415012,2019,
Canon EOS RP,Canon,2019,https://en.wikipedia.org/wiki/Canon_EOS_RP,2025-08-27T22:49:38.415014,2019,
Fujifilm GFX100,Fujifilm,2019,https://en.wikipedia.org/wiki/Fujifilm_GFX100,2025-08-27T22:49:38.415017,2019,
Fujifilm X-A7,Fujifilm,2019,https://en.wikipedia.org/wiki/Fujifilm_X-A7,2025-08-27T22:49:38.415019,2019,
Fujifilm X-Pro3,Fujifilm,2019,https://en.wikipedia.org/wiki/Fujifilm_X-Pro3,2025-08-27T22:49:38.415022,2019,
Fujifilm X-T30,Fujifilm,2019,https://en.wikipedia.org/wiki/Fujifilm_X-T30,2025-08-27T22:49:38.415024,2019,
Leica M-E (Typ 240),Leica,2019,https://en.wikipedia.org/wiki/Leica_M-E_(Typ_240),2025-08-27T22:49:38.415026,2019,
Leica Q2,Leica,2019,https://en.wikipedia.org/wiki/Leica_Q2,2025-08-27T22:49:38.415029,2019,
Leica SL2,Leica,2019,https://en.wikipedia.org/wiki/Leica_SL2,2025-08-27T22:49:38.415031,2019,
Nikon Z50,Nikon,2019,https://en.wikipedia.org/wiki/Nikon_Z50,2025-08-27T22:49:38.415033,2019,
Olympus OM-D E-M1X,Olympus,2019,https://en.wikipedia.org/wiki/Olympus_OM-D_E-M1X,2025-08-27T22:49:38.415035,2019,
Olympus OM-D E-M5 Mark III,Olympus,2019,https://en.wikipedia.org/wiki/Olympus_OM-D_E-M5_Mark_III,2025-08-27T22:49:38.415038,2019,
Olympus Tough TG-6,Olympus,2019,https://en.wikipedia.org/wiki/Olympus_Tough_TG-6,2025-08-27T22:49:38.415040,2019,
Sigma fp,Sigma,2019,https://en.wikipedia.org/wiki/Sigma_fp,2025-08-27T22:49:38.415042,2019,
Sony α7R IV,Sony,2019,https://en.wikipedia.org/wiki/Sony_α7R_IV,2025-08-27T22:49:38.415047,2019,
Sony α6400,Sony,2019,https://en.wikipedia.org/wiki/Sony_α6400,2025-08-27T22:49:38.415051,2019,
Sony α6600,Sony,2019,https://en.wikipedia.org/wiki/Sony_α6600,2025-08-27T22:49:38.415053,2019,
Canon EOS 850D,Canon,2020,https://en.wikipedia.org/wiki/Canon_EOS_850D,2025-08-27T22:49:38.937328,2020,
Canon EOS C300 Mark III,Canon,2020,https://en.wikipedia.org/wiki/Canon_EOS_C300_Mark_III,2025-08-27T22:49:38.937349,2020,
Canon EOS M50 Mark II,Canon,2020,https://en.wikipedia.org/wiki/Canon_EOS_M50_Mark_II,2025-08-27T22:49:38.937352,2020,
Canon EOS R5,Canon,2020,https://en.wikipedia.org/wiki/Canon_EOS_R5,2025-08-27T22:49:38.937354,2020,
Canon EOS R6,Canon,2020,https://en.wikipedia.org/wiki/Canon_EOS_R6,2025-08-27T22:49:38.937357,2020,
Canon EOS-1D X Mark III,Canon,2020,https://en.wikipedia.org/wiki/Canon_EOS-1D_X_Mark_III,2025-08-27T22:49:38.937360,2020,
Fujifilm X-S10,Fujifilm,2020,https://en.wikipedia.org/wiki/Fujifilm_X-S10,2025-08-27T22:49:38.937362,2020,
Fujifilm X-T4,Fujifilm,2020,https://en.wikipedia.org/wiki/Fujifilm_X-T4,2025-08-27T22:49:38.937364,2020,
Fujifilm X-T200,Fujifilm,2020,https://en.wikipedia.org/wiki/Fujifilm_X-T200,2025-08-27T22:49:38.937367,2020,
Leica M10,Leica,2020,https://en.wikipedia.org/wiki/Leica_M10,2025-08-27T22:49:38.937369,2020,
Leica M10 Monochrom,Leica,2020,https://en.wikipedia.org/wiki/Leica_M10_Monochrom,2025-08-27T22:49:38.937371,2020,
Nikon D6,Nikon,2020,https://en.wikipedia.org/wiki/Nikon_D6,2025-08-27T22:49:38.937373,2020,
Nikon D780,Nikon,2020,https://en.wikipedia.org/wiki/Nikon_D780,2025-08-27T22:49:38.937376,2020,
Nikon Z5,Nikon,2020,https://en.wikipedia.org/wiki/Nikon_Z5,2025-08-27T22:49:38.937378,2020,
Nikon Z6II,Nikon,2020,https://en.wikipedia.org/wiki/Nikon_Z6II,2025-08-27T22:49:38.937380,2020,
Nikon Z7II,Nikon,2020,https://en.wikipedia.org/wiki/Nikon_Z7II,2025-08-27T22:49:38.937382,2020,
Nikon Z9,Nikon,2020,https://en.wikipedia.org/wiki/Nikon_Z9,2025-08-27T22:49:38.937384,2020,
Olympus OM-D E-M1 Mark III,Olympus,2020,https://en.wikipedia.org/wiki/Olympus_OM-D_E-M1_Mark_III,2025-08-27T22:49:38.937387,2020,
Olympus OM-D E-M10 Mark IV,Olympus,2020,https://en.wikipedia.org/wiki/Olympus_OM-D_E-M10_Mark_IV,2025-08-27T22:49:38.937390,2020,
Pixii (cameras),Pixii,2020,https://en.wikipedia.org/wiki/Pixii_(cameras),2025-08-27T22:49:38.937392,2020,
Sony FX6,Sony,2020,https://en.wikipedia.org/wiki/Sony_FX6,2025-08-27T22:49:38.937394,2020,
Sony α7S III,Sony,2020,https://en.wikipedia.org/wiki/Sony_α7S_III,2025-08-27T22:49:38.937399,2020,
Canon EOS R3,Canon,2021,https://en.wikipedia.org/wiki/Canon_EOS_R3,2025-08-27T22:49:39.453676,2021,
Fujifilm GFX50S II,Fujifilm,2021,https://en.wikipedia.org/wiki/Fujifilm_GFX50S_II,2025-08-27T22:49:39.453696,2021,
Fujifilm GFX100S,Fujifilm,2021,https://en.wikipedia.org/wiki/Fujifilm_GFX100S,2025-08-27T22:49:39.453699,2021,
Fujifilm X-E4,Fujifilm,2021,https://en.wikipedia.org/wiki/Fujifilm_X-E4,2025-08-27T22:49:39.453702,2021,
Fujifilm X-T30 II,Fujifilm,2021,https://en.wikipedia.org/wiki/Fujifilm_X-T30_II,2025-08-27T22:49:39.453704,2021,
Nikon Zfc,Nikon,2021,https://en.wikipedia.org/wiki/Nikon_Zfc,2025-08-27T22:49:39.453707,2021,
Olympus PEN E-P7,Olympus,2021,https://en.wikipedia.org/wiki/Olympus_PEN_E-P7,2025-08-27T22:49:39.453709,2021,
Panasonic Lumix DC-GH5M2,Panasonic,2021,https://en.wikipedia.org/wiki/Panasonic_Lumix_DC-GH5M2,2025-08-27T22:49:39.453895,2021,
Pentax K-3 Mark III,Pentax,2021,https://en.wikipedia.org/wiki/Pentax_K-3_Mark_III,2025-08-27T22:49:39.453902,2021,
Pixii (cameras),Pixii,2021,https://en.wikipedia.org/wiki/Pixii_(cameras),2025-08-27T22:49:39.453905,2021,
Sony FX3,Sony,2021,https://en.wikipedia.org/wiki/Sony_FX3,2025-08-27T22:49:39.453908,2021,
Sony FX30,Sony,2021,https://en.wikipedia.org/wiki/Sony_FX30,2025-08-27T22:49:39.453911,2021,
Sony α1,Sony,2021,https://en.wikipedia.org/wiki/Sony_α1,2025-08-27T22:49:39.453934,2021,
Canon EOS R6 Mark II,Canon,2022,https://en.wikipedia.org/wiki/Canon_EOS_R6_Mark_II,2025-08-27T22:49:39.986597,2022,
Canon EOS R7,Canon,2022,https://en.wikipedia.org/wiki/Canon_EOS_R7,2025-08-27T22:49:39.986615,2022,
Canon EOS R10,Canon,2022,https://en.wikipedia.org/wiki/Canon_EOS_R10,2025-08-27T22:49:39.986618,2022,
Fujifilm X-H2S,Fujifilm,2022,https://en.wikipedia.org/wiki/Fujifilm_X-H2S,2025-08-27T22:49:39.986621,2022,
Fujifilm X-T5,Fujifilm,2022,https://en.wikipedia.org/wiki/Fujifilm_X-T5,2025-08-27T22:49:39.986623,2022,
Leica M11,Leica,2022,https://en.wikipedia.org/wiki/Leica_M11,2025-08-27T22:49:39.986626,2022,
Nikon Z30,Nikon,2022,https://en.wikipedia.org/wiki/Nikon_Z30,2025-08-27T22:49:39.986628,2022,
OM System OM-1,OM,2022,https://en.wikipedia.org/wiki/OM_System_OM-1,2025-08-27T22:49:39.986631,2022,
OM System OM-5,OM,2022,https://en.wikipedia.org/wiki/OM_System_OM-5,2025-08-27T22:49:39.986633,2022,
Panasonic Lumix DC-GH6,Panasonic,2022,https://en.wikipedia.org/wiki/Panasonic_Lumix_DC-GH6,2025-08-27T22:49:39.986635,2022,
Pixii (cameras),Pixii,2022,https://en.wikipedia.org/wiki/Pixii_(cameras),2025-08-27T22:49:39.986637,2022,
Sony α7R V,Sony,2022,https://en.wikipedia.org/wiki/Sony_α7R_V,2025-08-27T22:49:39.986643,2022,
Canon EOS R8,Canon,2023,https://en.wikipedia.org/wiki/Canon_EOS_R8,2025-08-27T22:49:40.505887,2023,
Canon EOS R50,Canon,2023,https://en.wikipedia.org/wiki/Canon_EOS_R50,2025-08-27T22:49:40.505911,2023,
Canon EOS R100,Canon,2023,https://en.wikipedia.org/wiki/Canon_EOS_R100,2025-08-27T22:49:40.505914,2023,
Fujifilm GFX100 II,Fujifilm,2023,https://en.wikipedia.org/wiki/Fujifilm_GFX100_II,2025-08-27T22:49:40.505917,2023,
Fujifilm X-S20,Fujifilm,2023,https://en.wikipedia.org/wiki/Fujifilm_X-S20,2025-08-27T22:49:40.505919,2023,
Leica Q3,Leica,2023,https://en.wikipedia.org/wiki/Leica_Q3,2025-08-27T22:49:40.505922,2023,
Leica Q3 43,Leica,2023,https://en.wikipedia.org/wiki/Leica_Q3_43,2025-08-27T22:49:40.505924,2023,
Nikon Z8,Nikon,2023,https://en.wikipedia.org/wiki/Nikon_Z8,2025-08-27T22:49:40.505928,2023,
Nikon Zf,Nikon,2023,https://en.wikipedia.org/wiki/Nikon_Zf,2025-08-27T22:49:40.505930,2023,
OM System Tough TG-7,OM,2023,https://en.wikipedia.org/wiki/OM_System_Tough_TG-7,2025-08-27T22:49:40.505932,2023,
Sony α6700,Sony,2023,https://en.wikipedia.org/wiki/Sony_α6700,2025-08-27T22:49:40.505938,2023,
Canon EOS R5 Mark II,Canon,2024,https://en.wikipedia.org/wiki/Canon_EOS_R5_Mark_II,2025-08-27T22:49:41.023092,2024,
Fujifilm GFX100S II,Fujifilm,2024,https://en.wikipedia.org/wiki/Fujifilm_GFX100S_II,2025-08-27T22:49:41.023112,2024,
Fujifilm X-M5,Fujifilm,2024,https://en.wikipedia.org/wiki/Fujifilm_X-M5,2025-08-27T22:49:41.023115,2024,
Nikon Z6III,Nikon,2024,https://en.wikipedia.org/wiki/Nikon_Z6III,2025-08-27T22:49:41.023118,2024,
Nikon Z50II,Nikon,2024,https://en.wikipedia.org/wiki/Nikon_Z50II,2025-08-27T22:49:41.023120,2024,
Pixii (cameras),Pixii,2024,https://en.wikipedia.org/wiki/Pixii_(cameras),2025-08-27T22:49:41.023122,2024,
Sony α1 II,Sony,2024,https://en.wikipedia.org/wiki/Sony_α1_II,2025-08-27T22:49:41.023127,2024,
Sony α9 III,Sony,2024,https://en.wikipedia.org/wiki/Sony_α9_III,2025-08-27T22:49:41.023129,2024,
Canon EOS R50 V,Canon,2025,https://en.wikipedia.org/wiki/Canon_EOS_R50_V,2025-08-27T22:49:41.550611,2025,
Nikon Coolpix P1100,Nikon,2025,https://en.wikipedia.org/wiki/Nikon_Coolpix_P1100,2025-08-27T22:49:41.550631,2025,
Nikon Z5II,Nikon,2025,https://en.wikipedia.org/wiki/Nikon_Z5II,2025-08-27T22:49:41.550634,2025,
OM System OM-3,OM,2025,https://en.wikipedia.org/wiki/OM_System_OM-3,2025-08-27T22:49:41.550637,2025,
